id;estudiante_name;codigo_estudiante;correo
1;Daniel;39280;daniel@hotmail.com
2;Jose;37498;jose@gmail.com
3;andres;35480;andres@hotmil.com
4;David;33650;david@hotmail.com
5;cesar;34980;ces@gmail.com
6;camilo;45020;camilo@hotmail.com
7;juan;41560;juan@hotmail.com
8;Natalia;56203;Nat@gmail.com
9;carlos;36520;carlos@gmail.com
10;camila;45630;camila@gmail.com
